<?xml version="1.0" encoding="UTF-8"?><?xml-stylesheet type='text/xsl' href='_UpgradeReport_Files/UpgradeReport.xslt'?><UpgradeLog>
<Properties><Property Name="Solution" Value="JagoanFisika">
</Property><Property Name="Solution File" Value="H:\Works\_VR\WPFPageSwitcher\WPFPageSwitch\JagoanFisika.sln">
</Property><Property Name="Date" Value="Friday, April 23, 2010">
</Property><Property Name="Time" Value="3:22:44 AM">
</Property></Properties><Event ErrorLevel="0" Project="JagoanFisika" Source="JagoanFisika.csproj" Description="Project file successfully backed up as H:\Works\_VR\WPFPageSwitcher\WPFPageSwitch\Backup\JagoanFisika.csproj">
</Event><Event ErrorLevel="0" Project="JagoanFisika" Source="App.xaml.cs" Description="File successfully backed up as H:\Works\_VR\WPFPageSwitcher\WPFPageSwitch\Backup\App.xaml.cs">
</Event><Event ErrorLevel="0" Project="JagoanFisika" Source="PageSwitcher.xaml.cs" Description="File successfully backed up as H:\Works\_VR\WPFPageSwitcher\WPFPageSwitch\Backup\PageSwitcher.xaml.cs">
</Event><Event ErrorLevel="0" Project="JagoanFisika" Source="ISwitchable.cs" Description="File successfully backed up as H:\Works\_VR\WPFPageSwitcher\WPFPageSwitch\Backup\ISwitchable.cs">
</Event><Event ErrorLevel="0" Project="JagoanFisika" Source="Menu\Gameplay.xaml.cs" Description="File successfully backed up as H:\Works\_VR\WPFPageSwitcher\WPFPageSwitch\Backup\Menu\Gameplay.xaml.cs">
</Event><Event ErrorLevel="0" Project="JagoanFisika" Source="Menu\LoadGame.xaml.cs" Description="File successfully backed up as H:\Works\_VR\WPFPageSwitcher\WPFPageSwitch\Backup\Menu\LoadGame.xaml.cs">
</Event><Event ErrorLevel="0" Project="JagoanFisika" Source="Menu\Login.xaml.cs" Description="File successfully backed up as H:\Works\_VR\WPFPageSwitcher\WPFPageSwitch\Backup\Menu\Login.xaml.cs">
</Event><Event ErrorLevel="0" Project="JagoanFisika" Source="Menu\MainMenu.xaml.cs" Description="File successfully backed up as H:\Works\_VR\WPFPageSwitcher\WPFPageSwitch\Backup\Menu\MainMenu.xaml.cs">
</Event><Event ErrorLevel="0" Project="JagoanFisika" Source="Menu\Option.xaml.cs" Description="File successfully backed up as H:\Works\_VR\WPFPageSwitcher\WPFPageSwitch\Backup\Menu\Option.xaml.cs">
</Event><Event ErrorLevel="0" Project="JagoanFisika" Source="Menu\Register.xaml.cs" Description="File successfully backed up as H:\Works\_VR\WPFPageSwitcher\WPFPageSwitch\Backup\Menu\Register.xaml.cs">
</Event><Event ErrorLevel="0" Project="JagoanFisika" Source="Properties\AssemblyInfo.cs" Description="File successfully backed up as H:\Works\_VR\WPFPageSwitcher\WPFPageSwitch\Backup\Properties\AssemblyInfo.cs">
</Event><Event ErrorLevel="0" Project="JagoanFisika" Source="Properties\Resources.Designer.cs" Description="File successfully backed up as H:\Works\_VR\WPFPageSwitcher\WPFPageSwitch\Backup\Properties\Resources.Designer.cs">
</Event><Event ErrorLevel="0" Project="JagoanFisika" Source="Properties\Settings.Designer.cs" Description="File successfully backed up as H:\Works\_VR\WPFPageSwitcher\WPFPageSwitch\Backup\Properties\Settings.Designer.cs">
</Event><Event ErrorLevel="0" Project="JagoanFisika" Source="Switcher.cs" Description="File successfully backed up as H:\Works\_VR\WPFPageSwitcher\WPFPageSwitch\Backup\Switcher.cs">
</Event><Event ErrorLevel="0" Project="JagoanFisika" Source="Properties\Settings.settings" Description="File successfully backed up as H:\Works\_VR\WPFPageSwitcher\WPFPageSwitch\Backup\Properties\Settings.settings">
</Event><Event ErrorLevel="0" Project="JagoanFisika" Source="Properties\Resources.resx" Description="File successfully backed up as H:\Works\_VR\WPFPageSwitcher\WPFPageSwitch\Backup\Properties\Resources.resx">
</Event><Event ErrorLevel="0" Project="JagoanFisika" Source="App.xaml" Description="File successfully backed up as H:\Works\_VR\WPFPageSwitcher\WPFPageSwitch\Backup\App.xaml">
</Event><Event ErrorLevel="0" Project="JagoanFisika" Source="Menu\Gameplay.xaml" Description="File successfully backed up as H:\Works\_VR\WPFPageSwitcher\WPFPageSwitch\Backup\Menu\Gameplay.xaml">
</Event><Event ErrorLevel="0" Project="JagoanFisika" Source="Menu\LoadGame.xaml" Description="File successfully backed up as H:\Works\_VR\WPFPageSwitcher\WPFPageSwitch\Backup\Menu\LoadGame.xaml">
</Event><Event ErrorLevel="0" Project="JagoanFisika" Source="Menu\Login.xaml" Description="File successfully backed up as H:\Works\_VR\WPFPageSwitcher\WPFPageSwitch\Backup\Menu\Login.xaml">
</Event><Event ErrorLevel="0" Project="JagoanFisika" Source="Menu\MainMenu.xaml" Description="File successfully backed up as H:\Works\_VR\WPFPageSwitcher\WPFPageSwitch\Backup\Menu\MainMenu.xaml">
</Event><Event ErrorLevel="0" Project="JagoanFisika" Source="Menu\Option.xaml" Description="File successfully backed up as H:\Works\_VR\WPFPageSwitcher\WPFPageSwitch\Backup\Menu\Option.xaml">
</Event><Event ErrorLevel="0" Project="JagoanFisika" Source="Menu\Register.xaml" Description="File successfully backed up as H:\Works\_VR\WPFPageSwitcher\WPFPageSwitch\Backup\Menu\Register.xaml">
</Event><Event ErrorLevel="0" Project="JagoanFisika" Source="PageSwitcher.xaml" Description="File successfully backed up as H:\Works\_VR\WPFPageSwitcher\WPFPageSwitch\Backup\PageSwitcher.xaml">
</Event><Event ErrorLevel="0" Project="JagoanFisika" Source="JagoanFisika.csproj" Description="Project converted successfully">
</Event><Event ErrorLevel="3" Project="JagoanFisika" Source="JagoanFisika.csproj" Description="Converted">
</Event><Event ErrorLevel="0" Project="JagoanFisika" Source="JagoanFisika.csproj" Description="Scan complete: Upgrade not required for project files.">
</Event></UpgradeLog>